avu,iugks,,,
avu,vsvs,,,
avu,fgtghet,,,
avu,vss,,,
avu,vwrwegv,,,
avu,eth,,,
avu,erghe,,,
avu,gv,,,
avu,test,,,
avu,test,,,
avu,test,,,
avu,test,,,
avu,test,,,
avu,test,,,
avu,test,,,
avu,test,,,
avu,test,,,
avu,test,6/9/2026,7:19:50 PM,LoginSuccess
avu,test,6/9/2026,7:20:49 PM,LoginSuccess
avu,test,6/9/2026,7:20:56 PM,LoginSuccess
avu,bd7c911264aae15b66d4291b6850829aa96986b1d3ead34d1fdbfef27056c112,6/9/2026,7:27:45 PM,LoginSuccess
avu,1f9bfeb15fee8a10c4d0711c7eb0c083962123e1918e461b6a508e7146c189b2,6/9/2026,7:27:53 PM,LoginSuccess
avu,b4451034d3b6590060ce9484a28b88dd332a80a22ae8e39c9c5cb7357ab26c9f,6/9/2026,19:37:57,LoginSuccess
avu,a93cca1be8dc660ad1d6311fbb85cf017ed3e8fc368b91a3ce9ec23ddc8c8cb8,6/9/2026,19:38:02,LoginSuccess
avu,a93cca1be8dc660ad1d6311fbb85cf017ed3e8fc368b91a3ce9ec23ddc8c8cb8,2026-06-09,19:43:27,LoginSuccess
avu,a93cca1be8dc660ad1d6311fbb85cf017ed3e8fc368b91a3ce9ec23ddc8c8cb8,2026-06-09,19:45:33,LoginSuccess
avu,a93cca1be8dc660ad1d6311fbb85cf017ed3e8fc368b91a3ce9ec23ddc8c8cb8,2026-06-09,19:45:51,LoginSuccess
avu,a93cca1be8dc660ad1d6311fbb85cf017ed3e8fc368b91a3ce9ec23ddc8c8cb8,2026-06-09,19:45:56,LoginSuccess
